{
  "RNN": {
    "loss": [
      2.068559408187866,
      1.8443394899368286,
      1.6662214994430542,
      1.6314672231674194,
      1.6184003353118896,
      1.616309642791748,
      1.608591914176941,
      1.5901013612747192,
      1.5887823104858398,
      1.578503966331482,
      1.5685539245605469,
      1.5552332401275635,
      1.5533089637756348,
      1.5442966222763062,
      1.5375615358352661,
      1.5335527658462524,
      1.518422245979309,
      1.5099596977233887,
      1.5051403045654297,
      1.4819281101226807,
      1.4836647510528564,
      1.4720962047576904,
      1.464709997177124,
      1.464140772819519
    ],
    "accuracy": [
      0.14005403220653534,
      0.27783307433128357,
      0.32375940680503845,
      0.3470780551433563,
      0.3500639796257019,
      0.3627186119556427,
      0.3622920513153076,
      0.37395137548446655,
      0.37196075916290283,
      0.38177165389060974,
      0.3928622305393219,
      0.39200910925865173,
      0.39670127630233765,
      0.3998293876647949,
      0.40907153487205505,
      0.40964025259017944,
      0.4154699146747589,
      0.41959333419799805,
      0.4160386621952057,
      0.4201620817184448,
      0.42755579948425293,
      0.43494951725006104,
      0.42983078956604004,
      0.4365135729312897
    ],
    "val_loss": [
      2.026740312576294,
      1.7742458581924438,
      1.6949543952941895,
      1.7063323259353638,
      1.658707618713379,
      1.6600309610366821,
      1.6613138914108276,
      1.6459404230117798,
      1.6437174081802368,
      1.6283259391784668,
      1.614451289176941,
      1.6296979188919067,
      1.620134711265564,
      1.611778736114502,
      1.6103260517120361,
      1.6024280786514282,
      1.6400223970413208,
      1.6174490451812744,
      1.6352989673614502,
      1.6235790252685547,
      1.6287131309509277,
      1.6504104137420654,
      1.627591609954834,
      1.6285487413406372
    ],
    "val_accuracy": [
      0.25184765458106995,
      0.3092666268348694,
      0.36611711978912354,
      0.3365548551082611,
      0.38601478934288025,
      0.3843092620372772,
      0.37123364210128784,
      0.38885730504989624,
      0.3956793546676636,
      0.40420693159103394,
      0.40591245889663696,
      0.3968163728713989,
      0.3945423662662506,
      0.3973848819732666,
      0.4053439497947693,
      0.41102898120880127,
      0.3968163728713989,
      0.3877202868461609,
      0.3871517777442932,
      0.3843092620372772,
      0.37862423062324524,
      0.37123364210128784,
      0.3894258141517639,
      0.3803297281265259
    ],
    "lr": [
      0.0007999999797903001,
      0.0007999999797903001,
      0.0007999999797903001,
      0.0007999999797903001,
      0.0007999999797903001,
      0.0007999999797903001,
      0.0007999999797903001,
      0.0007999999797903001,
      0.0007999999797903001,
      0.0007999999797903001,
      0.0007999999797903001,
      0.0007999999797903001,
      0.0007999999797903001,
      0.0007999999797903001,
      0.0007999999797903001,
      0.0007999999797903001,
      0.0007999999797903001,
      0.0007999999797903001,
      0.0007999999797903001,
      0.00039999998989515007,
      0.00039999998989515007,
      0.00039999998989515007,
      0.00019999999494757503,
      0.00019999999494757503
    ]
  },
  "LSTM": {
    "loss": [
      2.0756194591522217,
      1.998476505279541,
      1.667325735092163,
      1.622894287109375,
      1.607753872871399,
      1.586491584777832,
      1.5790464878082275,
      1.5618454217910767,
      1.5507596731185913,
      1.5358911752700806,
      1.5238368511199951,
      1.5210034847259521,
      1.5107067823410034,
      1.5066767930984497,
      1.4944316148757935,
      1.4851129055023193,
      1.4718315601348877,
      1.4709280729293823,
      1.465579628944397,
      1.4570202827453613,
      1.4516817331314087,
      1.4524929523468018,
      1.4470293521881104,
      1.439728856086731
    ],
    "accuracy": [
      0.12441348284482956,
      0.18313664197921753,
      0.328167200088501,
      0.3573155105113983,
      0.3696857690811157,
      0.38376227021217346,
      0.39869189262390137,
      0.4103511869907379,
      0.40992462635040283,
      0.42456987500190735,
      0.43196359276771545,
      0.42940422892570496,
      0.4402104318141937,
      0.42727142572402954,
      0.43921512365341187,
      0.44248542189598083,
      0.4488838315010071,
      0.44447603821754456,
      0.44419166445732117,
      0.45243850350379944,
      0.4559931755065918,
      0.4564197361469269,
      0.45243850350379944,
      0.4633868932723999
    ],
    "val_loss": [
      2.066119909286499,
      1.7496689558029175,
      1.6821670532226562,
      1.7080363035202026,
      1.6298309564590454,
      1.609607219696045,
      1.6308521032333374,
      1.613707184791565,
      1.6172007322311401,
      1.610020399093628,
      1.6314512491226196,
      1.5987932682037354,
      1.6425737142562866,
      1.6124123334884644,
      1.6151293516159058,
      1.59584641456604,
      1.6074622869491577,
      1.6095112562179565,
      1.6150654554367065,
      1.6165926456451416,
      1.613214373588562,
      1.6133977174758911,
      1.6138056516647339,
      1.615833044052124
    ],
    "val_accuracy": [
      0.1642978936433792,
      0.32006821036338806,
      0.3848777711391449,
      0.35076749324798584,
      0.42239910364151,
      0.4053439497947693,
      0.4121659994125366,
      0.4155770242214203,
      0.40363842248916626,
      0.4047754406929016,
      0.3951108455657959,
      0.40591245889663696,
      0.3848777711391449,
      0.40136441588401794,
      0.3945423662662506,
      0.4053439497947693,
      0.4002273976802826,
      0.40136441588401794,
      0.3973848819732666,
      0.3968163728713989,
      0.3973848819732666,
      0.39852190017700195,
      0.3956793546676636,
      0.39340534806251526
    ],
    "lr": [
      0.0007999999797903001,
      0.0007999999797903001,
      0.0007999999797903001,
      0.0007999999797903001,
      0.0007999999797903001,
      0.0007999999797903001,
      0.0007999999797903001,
      0.0007999999797903001,
      0.0007999999797903001,
      0.00039999998989515007,
      0.00039999998989515007,
      0.00039999998989515007,
      0.00039999998989515007,
      0.00039999998989515007,
      0.00039999998989515007,
      0.00019999999494757503,
      0.00019999999494757503,
      0.00019999999494757503,
      0.00019999999494757503,
      9.999999747378752e-05,
      9.999999747378752e-05,
      9.999999747378752e-05,
      4.999999873689376e-05,
      4.999999873689376e-05
    ]
  },
  "BiLSTM": {
    "loss": [
      1.9230133295059204,
      1.6374729871749878,
      1.6106361150741577,
      1.5916284322738647,
      1.5772186517715454,
      1.555684208869934,
      1.5403450727462769,
      1.5258995294570923,
      1.5085335969924927,
      1.4925975799560547,
      1.4526995420455933,
      1.43526291847229,
      1.4170966148376465,
      1.381635069847107,
      1.3675318956375122
    ],
    "accuracy": [
      0.20773495733737946,
      0.33101093769073486,
      0.362576425075531,
      0.38646382093429565,
      0.39399972558021545,
      0.41689178347587585,
      0.4176027178764343,
      0.4201620817184448,
      0.41731834411621094,
      0.4288354814052582,
      0.44703540205955505,
      0.4402104318141937,
      0.4488838315010071,
      0.46708375215530396,
      0.4764680862426758
    ],