{
  "action_to_idx": {
    "view": 0,
    "click": 1,
    "add_to_cart": 2,
    "purchase": 3,
    "wishlist": 4,
    "review": 5,
    "share": 6,
    "compare": 7
  },
  "category_to_idx": {
    "ulcer_hp_support": 0,
    "reflux_heartburn": 1,
    "probiotic_digestion": 2,
    "herbal_extract": 3,
    "stomach_nutrition": 4,
    "equipment_device": 5,
    "test_kit_home": 6,
    "consultation_package": 7,
    "elderly_weak_digestion": 8,
    "vitamin_mineral": 9
  },
  "n_features": 25,
  "n_actions": 8,
  "seq_len": 8,
  "learning_rate": 0.0008,
  "class_weight": {
    "0": 0.5296385542168675,
    "1": 0.7647877522616562,
    "2": 0.7595024187975121,
    "3": 0.9795008912655971,
    "4": 1.665151515151515,
    "5": 1.8786324786324786,
    "6": 1.6727549467275495,
    "7": 1.3584672435105067
  }
}