{
  "RNN": {
    "accuracy": 0.4024556616643929,
    "precision": 0.3884416812539439,
    "recall": 0.4024556616643929,
    "f1": 0.37663515564073924
  },
  "LSTM": {
    "accuracy": 0.4147339699863574,
    "precision": 0.3893014338445971,
    "recall": 0.4147339699863574,
    "f1": 0.3848260941195951
  },
  "BiLSTM": {
    "accuracy": 0.39836289222373805,
    "precision": 0.37292440159567025,
    "recall": 0.39836289222373805,
    "f1": 0.3613392502605389
  }
}