{
  "RNN": {
    "loss": [
      2.0254154205322266,
      1.6970937252044678,
      1.6211485862731934,
      1.5965474843978882,
      1.583328366279602,
      1.569167137145996,
      1.5599942207336426,
      1.5552482604980469,
      1.5447560548782349,
      1.5397882461547852,
      1.534935474395752,
      1.524307131767273,
      1.5130629539489746,
      1.5184502601623535,
      1.5042072534561157,
      1.5032320022583008,
      1.4953786134719849,
      1.4986567497253418,
      1.4931464195251465,
      1.49419105052948,
      1.49425208568573,
      1.4889168739318848,
      1.4813929796218872
    ],
    "accuracy": [
      0.1840360313653946,
      0.34417614340782166,
      0.3573126494884491,
      0.37132489681243896,
      0.3929688334465027,
      0.39984986186027527,
      0.3969723582267761,
      0.3935943841934204,
      0.41035905480384827,
      0.4033529460430145,
      0.40197673439979553,
      0.4098586142063141,
      0.41198548674583435,
      0.4071062207221985,
      0.4153634309768677,
      0.4129863679409027,
      0.4162392020225525,
      0.41198548674583435,
      0.42224445939064026,
      0.4198673963546753,
      0.4162392020225525,
      0.42199423909187317,
      0.4201176166534424
    ],
    "val_loss": [
      1.8882547616958618,
      1.7121104001998901,
      1.6748756170272827,
      1.6684162616729736,
      1.6537448167800903,
      1.6676384210586548,
      1.6410400867462158,
      1.6296284198760986,
      1.6564273834228516,
      1.6411842107772827,
      1.6324018239974976,
      1.6381640434265137,
      1.6348942518234253,
      1.6298964023590088,
      1.627317190170288,
      1.6274279356002808,
      1.6325417757034302,
      1.6310001611709595,
      1.6353281736373901,
      1.6276943683624268,
      1.6334803104400635,
      1.6335508823394775,
      1.6356894969940186
    ],
    "val_accuracy": [
      0.29564782977104187,
      0.34167084097862244,
      0.36818408966064453,
      0.3791895806789398,
      0.3936968445777893,
      0.38219109177589417,
      0.382691353559494,
      0.39569786190986633,
      0.3816908597946167,
      0.38219109177589417,
      0.38469234108924866,
      0.3796898424625397,
      0.38619309663772583,
      0.38369184732437134,
      0.3831915855407715,
      0.3816908597946167,
      0.3831915855407715,
      0.38819408416748047,
      0.3851926028728485,
      0.38469234108924866,
      0.38469234108924866,
      0.3851926028728485,
      0.3851926028728485
    ],
    "lr": [
      0.0010000000474974513,
      0.0010000000474974513,
      0.0010000000474974513,
      0.0010000000474974513,
      0.0010000000474974513,
      0.0010000000474974513,
      0.0010000000474974513,
      0.0010000000474974513,
      0.0010000000474974513,
      0.0010000000474974513,
      0.0010000000474974513,
      0.0005000000237487257,
      0.0005000000237487257,
      0.0005000000237487257,
      0.0002500000118743628,
      0.0002500000118743628,
      0.0002500000118743628,
      0.0002500000118743628,
      0.0001250000059371814,
      0.0001250000059371814,
      0.0001250000059371814,
      6.25000029685907e-05,
      6.25000029685907e-05
    ]
  },
  "LSTM": {
    "loss": [
      1.9937033653259277,
      1.6328049898147583,
      1.5974339246749878,
      1.5819387435913086,
      1.5762368440628052,
      1.5626400709152222,
      1.5552607774734497,
      1.5455809831619263,
      1.537143588066101,
      1.5280181169509888,
      1.5201503038406372,
      1.505222201347351,
      1.491117238998413,
      1.4791861772537231,
      1.4763147830963135,
      1.4663556814193726
    ],
    "accuracy": [
      0.18366070091724396,
      0.3641936779022217,
      0.38821467757225037,
      0.40060052275657654,
      0.4007256329059601,
      0.4066057801246643,
      0.41423746943473816,
      0.4157387614250183,
      0.4182409644126892,
      0.409608393907547,
      0.4198673963546753,
      0.42724883556365967,
      0.4348805248737335,
      0.4335043132305145,
      0.433379203081131,
      0.4390091300010681
    ],
    "val_loss": [
      1.7486701011657715,
      1.6869735717773438,
      1.6796789169311523,
      1.667478084564209,
      1.64199960231781,
      1.647131323814392,
      1.675402283668518,
      1.626057744026184,
      1.6457101106643677,
      1.6304094791412354,
      1.6469985246658325,
      1.6402634382247925,
      1.6345281600952148,
      1.6293576955795288,
      1.6299631595611572,
      1.6299725770950317
    ],
    "val_accuracy": [
      0.3541770875453949,
      0.380690336227417,
      0.38369184732437134,
      0.39169585704803467,
      0.3986993432044983,
      0.40170085430145264,
      0.3946973383426666,
      0.404702365398407,
      0.3996998369693756,
      0.3961980938911438,
      0.38219109177589417,
      0.39319661259651184,
      0.39419710636138916,
      0.3971985876560211,
      0.39419710636138916,
      0.3891946077346802
    ],
    "lr": [
      0.0010000000474974513,
      0.0010000000474974513,
      0.0010000000474974513,
      0.0010000000474974513,
      0.0010000000474974513,
      0.0010000000474974513,
      0.0010000000474974513,
      0.0010000000474974513,
      0.0010000000474974513,
      0.0010000000474974513,
      0.0010000000474974513,
      0.0005000000237487257,
      0.0005000000237487257,
      0.0005000000237487257,
      0.0002500000118743628,
      0.0002500000118743628
    ]
  },
  "BiLSTM": {
    "loss": [
      1.7822823524475098,
      1.5987749099731445,
      1.5794109106063843,
      1.558311104774475,
      1.544054627418518,
      1.5266698598861694,
      1.511987566947937,
      1.4997549057006836,
      1.4679317474365234,
      1.450103521347046,
      1.435361385345459,
      1.4147448539733887,
      1.405847430229187
    ],
    "accuracy": [
      0.27861878275871277,
      0.3764543831348419,
      0.4068560004234314,
      0.40648066997528076,
      0.40723133087158203,
      0.41774052381515503,
      0.41311147809028625,
      0.4164894223213196,
      0.43638184666633606,
      0.44351306557655334,
      0.4412611126899719,
      0.45740023255348206,
      0.46202927827835083
    ],
    "val_loss": [
      1.7028493881225586,
      1.6807034015655518,
      1.666418433189392,
      1.6631494760513306,
      1.639404296875,
      1.6709775924682617,
      1.6508575677871704,
      1.6676063537597656,
      1.6558690071105957,
      1.6553529500961304,
      1.674499273300171,
      1.6589624881744385,
      1.675165057182312
    ],
    "val_accuracy": [
      0.35017508268356323,
      0.3771885931491852,
      0.38969483971595764,
      0.36668333411216736,
      0.38369184732437134,
      0.3676838278770447,
      0.3731865882873535,
      0.3671835958957672,
      0.38119059801101685,
      0.3946973383426666,
      0.3686843514442444,
      0.37018510699272156,
      0.3646823465824127
    ],
    "lr": [
      0.0010000000474974513,
      0.0010000000474974513,
      0.0010000000474974513,
      0.0010000000474974513,
      0.0010000000474974513,
      0.0010000000474974513,
      0.0010000000474974513,
      0.0010000000474974513,
      0.0005000000237487257,
      0.0005000000237487257,
      0.0005000000237487257,
      0.0002500000118743628,
      0.0002500000118743628
    ]
  }
}