{
  "RNN": {
    "accuracy": 0.4001600640256102,
    "precision": 0.4145343190314432,
    "recall": 0.4001600640256102,
    "f1": 0.37298531119271
  },
  "LSTM": {
    "accuracy": 0.41616646658663464,
    "precision": 0.39272468763134877,
    "recall": 0.41616646658663464,
    "f1": 0.36989425073628746
  },
  "BiLSTM": {
    "accuracy": 0.399359743897559,
    "precision": 0.3861783671692958,
    "recall": 0.399359743897559,
    "f1": 0.36200186101699594
  }
}